,emp_title,emp_length,state,homeownership,annual_income,verified_income,debt_to_income,annual_income_joint,verification_income_joint,debt_to_income_joint,delinq_2y,months_since_last_delinq,earliest_credit_line,inquiries_last_12m,total_credit_lines,open_credit_lines,total_credit_limit,total_credit_utilized,num_collections_last_12m,num_historical_failed_to_pay,months_since_90d_late,current_accounts_delinq,total_collection_amount_ever,current_installment_accounts,accounts_opened_24m,months_since_last_credit_inquiry,num_satisfactory_accounts,num_accounts_120d_past_due,num_accounts_30d_past_due,num_active_debit_accounts,total_debit_limit,num_total_cc_accounts,num_open_cc_accounts,num_cc_carrying_balance,num_mort_accounts,account_never_delinq_percent,tax_liens,public_record_bankrupt,loan_purpose,application_type,loan_amount,term,interest_rate,installment,grade,sub_grade,issue_month,loan_status,initial_listing_status,disbursement_method,balance,paid_total,paid_principal,paid_interest,paid_late_fees
9594,rn,4.0,TX,mortgage,92000.0,Source Verified,19.28,,,,0,40.0,2007,0,16,8,112121,68631,0,0,,0,0,2,5,20.0,8,0.0,0,1,18700,10,6,1,0,93.8,0,0,medical,individual,40000,60,9.93,848.51,B,B2,Feb-2018,Fully Paid,whole,Cash,0.0,40013.7883333333,40000.0,13.79,0.0
3534,retail store manager,10.0,NV,own,62000.0,Not Verified,29.71,,,,1,17.0,2014,0,12,9,97690,67294,0,0,,0,0,5,6,17.0,9,0.0,0,3,13500,5,4,4,0,91.7,0,0,credit_card,individual,4000,36,6.08,121.84,A,A2,Jan-2018,Current,whole,DirectPay,3486.96,606.5,513.04,93.46,0.0
7574,supervisor,3.0,CA,rent,43000.0,Source Verified,15.57,101000.0,Not Verified,29.85,0,,2013,0,14,12,60693,22270,0,0,,0,573,1,3,,12,0.0,0,3,23600,12,11,4,0,100.0,0,0,debt_consolidation,joint,18200,60,10.42,390.47,B,B3,Feb-2018,Current,whole,Cash,17258.09,1551.34,941.91,609.43,0.0
129,automotive service lane manager,10.0,WV,own,172000.0,Verified,24.31,,,,0,,2003,1,32,17,764559,110739,0,0,,0,0,4,7,4.0,17,0.0,0,6,45200,12,11,8,4,100.0,0,0,home_improvement,individual,36000,60,15.05,857.39,C,C4,Feb-2018,Current,whole,Cash,34345.64,3399.46,1654.36,1745.1,0.0
6937,operations manager,10.0,SC,mortgage,96355.33,Verified,9.44,,,,2,16.0,1999,5,20,10,45539,26309,0,0,16.0,0,0,2,2,0.0,10,0.0,0,2,3400,11,8,6,2,80.0,0,0,debt_consolidation,individual,35000,60,19.42,916.03,D,D3,Mar-2018,Current,whole,Cash,33934.09,2672.57,1065.91,1606.66,0.0
3954,maintenance worker ii,10.0,WA,rent,68000.0,Verified,19.94,,,,0,37.0,2003,0,23,7,67500,48135,0,0,37.0,0,0,2,2,13.0,7,0.0,0,1,12200,8,5,2,3,87.0,0,0,home_improvement,individual,30000,60,25.81,894.85,E,E4,Mar-2018,Current,fractional,Cash,29234.98,2641.53,765.02,1876.51,0.0
9071,active duty,10.0,CA,mortgage,60000.0,Verified,7.6,125000.0,Verified,19.89,0,,2005,1,36,18,506509,14097,0,0,,0,0,1,4,6.0,18,0.0,0,1,59300,28,16,1,3,100.0,0,0,debt_consolidation,joint,2200,36,6.08,67.01,A,A2,Jan-2018,Current,whole,Cash,1917.92,335.05,282.08,52.97,0.0
4981,,,NY,own,135000.0,Not Verified,3.48,,,,0,,1988,1,15,10,22000,10658,0,1,,0,0,0,3,9.0,9,0.0,0,3,12500,14,10,7,0,100.0,0,1,debt_consolidation,individual,20000,36,12.62,670.23,C,C1,Jan-2018,Current,fractional,Cash,18131.19,2666.9,1868.81,798.09,0.0
5675,patient services,0.0,CA,own,58000.0,Source Verified,14.08,,,,0,,2011,0,6,6,31959,23651,0,0,,0,0,0,1,14.0,6,0.0,0,3,12500,5,5,5,0,100.0,0,0,debt_consolidation,individual,24000,36,20.39,896.71,D,D4,Mar-2018,Current,fractional,Cash,20983.18,3792.29,3016.82,775.47,0.0
609,"registered nurse,charge",7.0,KY,own,99000.0,Not Verified,10.07,,,,0,59.0,2000,0,21,9,51900,33756,0,0,,0,0,0,0,,9,0.0,0,7,50900,15,9,7,2,90.5,0,0,credit_card,individual,40000,36,9.92,1289.19,B,B2,Mar-2018,Current,whole,Cash,37100.59,3823.48,2899.41,924.07,0.0
9862,customer success manager,0.0,GA,rent,62000.0,Source Verified,13.55,112000.0,Not Verified,11.89,0,,2010,1,10,9,64922,31258,0,0,,0,0,7,0,7.0,9,0.0,0,2,20900,3,2,2,0,100.0,0,0,major_purchase,joint,6000,36,6.07,182.73,A,A2,Feb-2018,Current,whole,Cash,5540.54,546.17,459.46,86.71,0.0
6767,officer,2.0,MD,own,70000.0,Verified,17.01,,,,0,39.0,1993,0,10,8,47774,32244,0,0,31.0,0,0,0,2,13.0,8,,0,7,46750,9,8,7,1,70.0,0,0,debt_consolidation,individual,20000,60,12.62,451.19,C,C1,Feb-2018,Current,whole,Cash,19021.27,1790.74,978.73,812.01,0.0
732,mortgage banker,1.0,NJ,rent,60000.0,Not Verified,11.2,,,,1,21.0,2005,1,26,8,27537,12421,0,0,48.0,0,1453,2,3,9.0,8,0.0,0,2,8500,19,6,4,1,88.5,0,0,debt_consolidation,individual,5775,36,11.99,191.79,B,B5,Jan-2018,Current,whole,Cash,5091.03,955.1,683.97,271.13,0.0
4507,housekeeping,10.0,GA,mortgage,32000.0,Verified,1.28,61000.0,Verified,15.62,0,,2001,0,8,3,154909,1208,0,0,,0,0,0,0,21.0,3,0.0,0,1,2600,5,2,1,2,100.0,0,0,home_improvement,joint,7000,36,7.96,219.23,A,A5,Mar-2018,In Grace Period,whole,Cash,6648.04,452.87,351.96,85.91,15.0
911,1sg,10.0,NC,mortgage,78000.0,Verified,33.52,,,,0,,2000,2,23,9,418306,97701,0,0,,0,0,3,5,8.0,9,0.0,0,1,24000,11,5,3,3,100.0,0,0,debt_consolidation,individual,21275,36,14.08,727.96,C,C3,Jan-2018,Current,whole,Cash,19327.72,2978.42,1947.28,1031.14,0.0
842,customer service ,4.0,WI,mortgage,46000.0,Not Verified,37.44,211000.0,Not Verified,15.51,0,70.0,1985,3,22,10,52852,31151,0,0,,0,0,0,4,7.0,10,0.0,0,3,29600,10,8,6,2,90.9,0,0,other,joint,36000,36,20.39,1345.06,D,D4,Mar-2018,Current,whole,Cash,33762.33,3994.4,2237.67,1756.73,0.0
5225,office manager,0.0,KS,own,33000.0,Source Verified,10.33,,,,0,27.0,2003,1,30,25,80385,70451,0,0,27.0,0,0,14,3,5.0,25,0.0,0,4,9800,14,11,5,1,93.3,0,0,credit_card,individual,8000,36,16.02,281.34,C,C5,Jan-2018,Current,whole,DirectPay,7103.69,1399.58,896.31,503.27,0.0
965,lead operator,2.0,CA,mortgage,60000.0,Not Verified,11.5,,,,0,,2006,1,19,12,261386,20374,0,0,,0,0,3,3,12.0,12,0.0,0,3,37000,12,8,4,1,100.0,0,0,credit_card,individual,13000,36,6.71,399.69,A,A3,Mar-2018,Current,whole,Cash,12013.51,1194.22,986.49,207.73,0.0
4448,ceo,10.0,CA,rent,48000.0,Not Verified,25.48,96000.0,Not Verified,13.38,0,,2002,0,36,10,133685,86846,0,1,,0,0,8,2,15.0,9,0.0,0,1,1100,6,1,1,0,100.0,0,1,other,joint,10000,36,9.44,320.05,B,B1,Feb-2018,Current,whole,Cash,9023.01,1274.96,976.99,297.97,0.0
5329,driver,1.0,IL,rent,29500.0,Verified,27.99,,,,0,,2013,15,17,16,46273,24417,0,1,,0,0,1,7,0.0,16,0.0,0,2,3600,16,15,10,0,100.0,0,1,credit_card,individual,8000,36,14.08,273.74,C,C3,Feb-2018,Current,fractional,Cash,7454.02,824.35,545.98,278.37,0.0
871,regional hr manager,10.0,MS,mortgage,96000.0,Not Verified,25.74,,,,2,11.0,1994,1,23,10,335214,88847,0,0,,0,0,4,1,11.0,10,0.0,0,4,46800,12,5,5,1,87.0,0,0,debt_consolidation,individual,7500,36,11.99,249.08,B,B5,Jan-2018,Current,whole,Cash,6611.71,1235.41,888.29,347.12,0.0
747,chief cyber operations,10.0,TX,mortgage,107200.0,Not Verified,31.52,,,,0,27.0,2005,3,36,11,448510,127493,0,0,72.0,0,0,4,12,1.0,11,0.0,0,3,10200,14,6,5,3,83.3,0,0,debt_consolidation,individual,25000,60,20.0,662.35,D,D4,Jan-2018,Current,whole,Cash,23729.95,3283.97,1270.05,2013.92,0.0
2101,renal social worker,3.0,MN,rent,58000.0,Source Verified,21.19,,,,1,7.0,2002,0,46,25,118674,101390,0,0,,0,0,17,4,,25,0.0,0,4,39400,12,8,4,0,95.1,0,0,debt_consolidation,individual,12000,60,26.3,361.42,E,E5,Feb-2018,Fully Paid,fractional,Cash,0.0,12070.1300000354,12000.0,70.13,0.0
2769,manager,10.0,MD,mortgage,164200.0,Source Verified,12.91,,,,1,15.0,2007,5,13,6,509031,60736,0,0,,0,189,3,2,2.0,6,0.0,0,1,14500,4,2,2,3,84.6,0,0,debt_consolidation,individual,15000,60,19.42,392.59,D,D3,Mar-2018,Current,whole,Cash,14543.17,1145.4,456.83,688.57,0.0
4075,,,LA,own,28000.0,Source Verified,8.66,,,,0,,2003,2,11,8,4200,1668,0,0,,0,582,0,2,5.0,8,0.0,0,5,3200,9,8,7,0,100.0,0,0,major_purchase,individual,5000,36,10.42,162.33,B,B3,Feb-2018,Current,whole,Cash,4518.12,643.53,481.88,161.65,0.0
2889,assistant teacher,10.0,NY,rent,54200.0,Not Verified,26.71,,,,0,,2005,0,30,12,132802,69578,0,0,,0,50,2,4,,12,0.0,0,5,51900,18,10,7,0,100.0,0,0,credit_card,individual,13500,36,7.97,422.86,A,A5,Jan-2018,Current,whole,Cash,11811.74,2102.34,1688.26,414.08,0.0
2222,heart transplant coordinator,10.0,IL,mortgage,70000.0,Not Verified,7.04,133000.0,Not Verified,14.91,0,,1996,0,19,9,327054,17608,0,0,,0,0,0,1,22.0,9,0.0,0,5,69800,15,8,5,3,100.0,0,0,debt_consolidation,joint,40000,60,9.44,838.91,B,B1,Jan-2018,Current,whole,Cash,37878.15,3376.62,2121.85,1254.77,0.0
8948,carpenter,10.0,CA,mortgage,104000.0,Verified,31.4,158000.0,Verified,26.38,0,56.0,2005,0,16,7,297257,284016,0,0,,0,0,1,3,,7,0.0,0,3,11400,12,6,6,0,87.5,0,0,debt_consolidation,joint,18000,36,10.9,588.45,B,B4,Mar-2018,Current,whole,Cash,16713.54,1743.55,1286.46,457.09,0.0
5831,job manager,4.0,CT,mortgage,72000.0,Source Verified,38.68,140000.0,Not Verified,28.59,0,42.0,2000,2,33,14,343991,76353,0,0,,0,0,4,8,2.0,14,0.0,0,4,9600,15,9,6,6,90.9,0,0,debt_consolidation,joint,14000,36,18.06,506.56,D,D2,Feb-2018,Current,whole,Cash,12789.57,2012.19,1210.43,801.76,0.0
2036,mechanic,10.0,CA,mortgage,128000.0,Source Verified,33.76,,,,0,79.0,1989,6,21,12,307227,230948,0,1,,0,0,9,7,5.0,12,0.0,0,1,9500,6,3,2,0,95.2,0,1,other,individual,36000,60,10.9,780.94,B,B4,Mar-2018,Current,whole,Cash,34625.77,2321.02,1374.23,946.79,0.0
6333,account manager,9.0,PA,rent,56891.0,Source Verified,11.29,,,,1,6.0,1978,0,13,7,26300,15727,0,0,66.0,0,6814,1,0,,7,0.0,0,3,10100,9,6,6,1,84.6,0,0,debt_consolidation,individual,6000,36,22.91,231.98,E,E1,Jan-2018,Current,fractional,Cash,5390.0,1152.26,610.0,542.26,0.0
5115,freight coordinator ,3.0,OH,rent,62000.0,Source Verified,19.16,,,,0,,2007,0,23,17,50123,20142,0,0,,0,0,1,15,15.0,17,0.0,0,6,20700,20,16,8,0,100.0,0,0,medical,individual,15000,36,10.9,490.38,B,B4,Mar-2018,Current,whole,Cash,13927.93,1452.97,1072.07,380.9,0.0
8693,co owner,4.0,CT,rent,75000.0,Not Verified,9.79,,,,0,,2008,1,14,11,174212,119189,0,0,,0,0,2,4,9.0,11,0.0,0,8,61300,11,9,8,0,100.0,0,0,debt_consolidation,individual,20000,60,9.43,419.36,B,B1,Mar-2018,Current,whole,Cash,19207.22,1247.6,792.78,454.82,0.0
5065,technician,0.0,SC,mortgage,73000.0,Source Verified,16.13,,,,1,5.0,2010,1,17,8,475160,39413,0,0,,0,0,3,4,12.0,8,0.0,0,0,0,6,3,3,4,94.1,0,0,debt_consolidation,individual,25000,60,14.07,582.62,C,C3,Mar-2018,Current,whole,Cash,24121.29,1708.78,878.71,830.07,0.0
6541,accounting director ,10.0,IL,own,80000.0,Source Verified,4.02,,,,0,,1994,0,21,11,76300,16546,0,0,,0,0,0,2,,11,0.0,0,4,73800,20,11,5,0,100.0,0,0,major_purchase,individual,24000,36,7.35,744.9,A,A4,Feb-2018,Current,fractional,Cash,21586.34,2969.8,2413.66,556.14,0.0
376,truck driver,9.0,IN,mortgage,75999.0,Not Verified,34.38,,,,0,,2001,3,36,16,427674,61999,0,0,,0,0,3,2,4.0,16,0.0,0,5,72500,23,12,6,4,100.0,0,0,credit_card,individual,19200,36,7.34,595.83,A,A4,Mar-2018,Current,whole,Cash,17756.03,1771.83,1443.97,327.86,0.0
7997,lead service tech,1.0,OH,rent,50000.0,Source Verified,8.69,,,,0,,2007,1,8,5,20400,12484,0,0,,0,0,1,5,8.0,5,0.0,0,3,10100,5,4,4,0,100.0,0,0,other,individual,7500,36,13.59,254.85,C,C2,Jan-2018,Current,fractional,Cash,6630.98,1260.09,869.02,391.07,0.0
7897,senior customer service specialist,3.0,CA,rent,40000.0,Verified,31.02,,,,0,,2006,1,16,5,53142,45988,0,0,,0,0,3,3,9.0,5,,0,1,16300,3,2,1,0,100.0,0,0,debt_consolidation,individual,6000,36,10.91,196.18,B,B4,Jan-2018,Current,fractional,Cash,5425.71,805.33,574.29,231.04,0.0
5174,hr director,5.0,IN,mortgage,160000.0,Source Verified,23.35,,,,0,77.0,1998,0,33,17,271797,117318,0,0,77.0,0,0,4,3,14.0,17,0.0,0,3,19000,18,11,9,3,96.8,0,0,credit_card,individual,20000,36,12.62,670.23,C,C1,Feb-2018,Current,whole,Cash,6068.09,14666.9,13931.91,734.99,0.0
2227,patrolman,10.0,IL,mortgage,72135.0,Source Verified,23.69,,,,0,,1998,0,19,7,134351,39279,0,0,,0,0,3,0,,7,0.0,0,2,11700,7,3,3,2,100.0,0,0,debt_consolidation,individual,30000,60,11.98,667.04,B,B5,Mar-2018,Current,whole,Cash,28886.34,1961.19,1113.66,847.53,0.0
2930,,,FL,own,24000.0,Not Verified,19.8,,,,1,18.0,1982,0,12,8,26900,15622,0,0,,0,0,0,2,,8,0.0,0,3,21300,12,8,6,0,75.0,0,0,debt_consolidation,individual,15000,36,14.08,513.25,C,C3,Jan-2018,Current,fractional,Cash,13274.12,2542.78,1725.88,816.9,0.0
89,cabinet maker/installer,8.0,FL,rent,78000.0,Source Verified,9.61,,,,0,58.0,1996,3,21,15,48354,40982,0,1,58.0,0,1358,8,3,4.0,15,0.0,0,5,11900,8,7,6,1,68.4,0,1,credit_card,individual,7000,36,7.96,219.23,A,A5,Mar-2018,Current,whole,DirectPay,6478.16,654.59,521.84,132.75,0.0
8779,legal instruments examiner,1.0,WV,rent,50912.0,Not Verified,42.03,94352.0,Not Verified,23.19,0,,2004,5,39,18,154913,124011,0,1,,0,0,8,12,9.0,17,0.0,0,4,16700,14,10,4,2,100.0,0,1,debt_consolidation,joint,35000,60,15.05,833.57,C,C4,Feb-2018,Current,fractional,Cash,33391.61,3305.02,1608.39,1696.63,0.0
5244,accountant,4.0,PA,own,43000.0,Not Verified,11.44,,,,0,67.0,2005,1,16,9,67803,23661,0,0,,0,0,1,1,4.0,9,0.0,0,4,31000,11,8,6,0,87.5,0,0,credit_card,individual,16000,60,10.42,343.27,B,B3,Jan-2018,Current,fractional,Cash,14498.52,2157.09,1501.48,655.61,0.0
4136,captain,10.0,MA,rent,73000.0,Verified,22.18,,,,0,,2005,0,20,7,75002,54779,0,1,,0,0,3,3,13.0,7,0.0,0,4,14000,5,4,4,0,100.0,0,1,debt_consolidation,individual,15000,60,19.03,389.36,D,D3,Feb-2018,Current,whole,Cash,14379.49,1541.58,620.51,921.07,0.0
8015,,,IL,mortgage,100000.0,Not Verified,28.23,,,,0,55.0,1985,2,50,31,375293,66706,0,0,55.0,0,0,2,6,4.0,31,0.0,0,15,112400,35,28,18,8,100.0,0,0,debt_consolidation,individual,10000,36,5.31,301.11,A,A1,Mar-2018,Current,whole,Cash,9226.01,906.28,773.99,132.29,0.0
2294,mortgage loan officer,7.0,WV,rent,26000.0,Verified,38.64,,,,0,64.0,1999,5,36,11,132823,36113,0,1,68.0,0,0,2,6,7.0,11,0.0,0,1,13600,17,8,6,2,90.0,0,1,debt_consolidation,individual,8400,36,16.01,295.37,C,C5,Mar-2018,Current,whole,DirectPay,7842.73,871.17,557.27,313.9,0.0
3574,purchasing manager,1.0,MI,rent,75000.0,Source Verified,16.43,,,,0,,1984,2,12,8,44071,29868,0,0,,0,0,3,3,1.0,8,0.0,0,3,20000,8,5,4,0,91.7,0,0,credit_card,individual,17500,36,14.08,598.79,C,C3,Feb-2018,Current,whole,DirectPay,15898.26,2381.47,1601.74,779.73,0.0
2603,,,CO,mortgage,39804.0,Verified,16.73,,,,0,32.0,2002,7,26,23,171088,17888,0,0,32.0,0,0,2,16,0.0,23,0.0,0,7,11500,21,20,11,3,96.2,0,0,credit_card,individual,5000,36,7.97,156.62,A,A5,Feb-2018,Current,whole,DirectPay,4501.41,620.95,498.59,122.36,0.0
1812,saws,1.0,OK,rent,35000.0,Verified,27.91,60000.0,Source Verified,25.66,0,,1999,5,25,12,83253,29899,0,0,,0,0,4,8,3.0,12,0.0,0,0,17900,10,8,2,0,100.0,0,0,credit_card,joint,9000,36,7.97,281.91,A,A5,Jan-2018,Current,whole,Cash,7874.47,1405.57,1125.53,280.04,0.0
3811,technical artist,1.0,TX,rent,52000.0,Verified,27.44,,,,0,,2008,1,22,18,70388,58176,0,0,,0,61,13,2,7.0,18,0.0,0,4,7300,7,5,4,0,100.0,0,0,moving,individual,8000,36,20.0,297.31,D,D4,Feb-2018,Current,whole,Cash,7327.51,1171.46,672.49,498.97,0.0
2750,driver,5.0,MA,rent,34113.0,Source Verified,14.07,,,,0,,2007,0,8,7,22800,14708,0,0,,0,0,0,0,,7,0.0,0,5,15300,8,7,7,0,100.0,0,0,debt_consolidation,individual,15000,60,17.09,373.52,D,D1,Feb-2018,Current,whole,Cash,14346.63,1465.6,653.37,812.23,0.0
3695,product manager,10.0,WA,mortgage,82500.0,Not Verified,22.23,,,,1,18.0,1996,0,22,10,220996,48173,0,0,,0,0,1,2,,10,0.0,0,4,15400,10,7,5,3,95.2,0,0,debt_consolidation,individual,5000,36,9.44,160.03,B,B1,Feb-2018,Current,whole,Cash,4511.49,637.5,488.51,148.99,0.0
3113,truck driver,2.0,WV,own,75000.0,Verified,22.53,,,,0,80.0,2003,10,20,10,93370,52121,0,0,,0,252,4,5,8.0,10,0.0,0,2,15600,9,6,4,0,95.0,0,0,credit_card,individual,14400,60,17.09,358.58,D,D1,Feb-2018,Current,whole,Cash,13772.76,1420.65,627.24,793.41,0.0
1580,teacher,5.0,CA,mortgage,65000.0,Not Verified,33.36,,,,0,,1987,0,12,11,370338,47268,0,0,,0,0,5,2,13.0,11,0.0,0,5,87300,5,5,5,2,100.0,0,0,debt_consolidation,individual,13200,36,9.93,425.5,B,B2,Feb-2018,Current,whole,Cash,11919.13,1694.72,1280.87,413.85,0.0
1316,sr project manager,10.0,CA,rent,158000.0,Not Verified,2.32,,,,0,43.0,2002,3,28,11,103662,10506,0,0,,0,0,0,6,0.0,11,0.0,0,3,61400,13,10,4,1,96.4,0,0,debt_consolidation,individual,14000,36,6.71,430.43,A,A3,Mar-2018,Current,whole,Cash,12937.64,1286.07,1062.36,223.71,0.0
935,manager,10.0,MD,mortgage,70000.0,Not Verified,15.84,,,,1,6.0,1987,2,15,8,251010,26178,0,0,47.0,0,0,1,2,8.0,8,0.0,0,1,8000,10,6,4,3,80.0,0,0,debt_consolidation,individual,15500,36,9.44,496.08,B,B1,Jan-2018,Current,whole,Cash,13599.6,2472.27,1900.4,571.87,0.0
3474,owner ,1.0,CA,rent,67000.0,Not Verified,23.2,,,,0,,2000,0,27,11,90941,51580,0,0,,0,0,2,3,17.0,11,0.0,0,5,55200,23,9,5,0,100.0,0,0,credit_card,individual,12000,60,15.04,285.74,C,C4,Mar-2018,Current,whole,Cash,11588.87,761.97,411.13,350.84,0.0
2983,director,5.0,FL,own,60000.0,Source Verified,14.0,,,,0,63.0,2011,3,21,12,46151,19872,0,0,70.0,0,0,1,5,5.0,12,,0,7,30250,20,11,8,0,90.0,0,0,debt_consolidation,individual,16000,36,9.93,515.75,B,B2,Jan-2018,Current,whole,Cash,14051.26,2561.1,1948.74,612.36,0.0
7263,legal assistant,5.0,NY,mortgage,62500.0,Source Verified,25.36,,,,0,,2004,6,28,10,303707,64692,0,0,,0,0,3,5,1.0,10,0.0,0,4,29200,13,6,6,1,100.0,0,0,home_improvement,individual,4000,36,7.96,125.28,A,A5,Mar-2018,Current,whole,Cash,3701.79,374.07,298.21,75.86,0.0
8958,general manager,10.0,SC,mortgage,71000.0,Not Verified,29.67,,,,0,,2006,2,14,7,252694,63498,0,0,,0,0,4,2,2.0,7,0.0,0,2,25600,3,2,2,2,100.0,0,0,credit_card,individual,20000,60,11.98,444.69,B,B5,Feb-2018,Current,whole,Cash,19257.56,1353.64,742.44,611.2,0.0
951,purchasing agent,3.0,MD,rent,70000.0,Source Verified,12.24,,,,0,,2005,0,36,22,272878,373361,0,0,,0,0,20,2,17.0,22,0.0,0,2,20000,7,2,2,0,100.0,0,0,other,individual,7500,36,7.34,232.75,A,A4,Mar-2018,Current,fractional,Cash,6935.94,695.19,564.06,131.13,0.0
3324,quality assurance tech,10.0,MT,mortgage,64000.0,Not Verified,11.23,,,,0,,1989,3,37,16,409220,23637,0,0,,0,0,3,5,3.0,16,0.0,0,4,51900,30,12,5,2,100.0,0,0,house,individual,3700,36,6.07,112.68,A,A2,Mar-2018,Current,whole,Cash,3416.68,336.79,283.32,53.47,0.0
1509,revit coordinator / cad technician,10.0,CA,rent,65000.0,Not Verified,10.67,,,,2,11.0,2005,4,21,11,62609,35646,1,0,11.0,0,0,2,8,2.0,11,0.0,0,2,9500,10,9,4,0,81.0,0,0,home_improvement,individual,6000,36,18.06,217.1,D,D2,Feb-2018,Current,fractional,Cash,5481.23,862.38,518.77,343.61,0.0
1371,sales manager,2.0,FL,rent,41000.0,Source Verified,13.11,,,,0,39.0,2013,2,3,3,19702,9226,0,0,,0,0,1,1,12.0,3,0.0,0,1,800,2,2,1,0,66.7,0,0,other,individual,5000,36,15.04,173.43,C,C4,Mar-2018,Current,whole,Cash,4663.53,516.11,336.47,179.64,0.0
1047,tool builder,0.0,MI,own,55000.0,Source Verified,31.29,,,,0,,2009,6,9,7,88885,66166,0,0,,0,0,2,3,1.0,7,0.0,0,2,15200,6,5,2,0,100.0,0,0,major_purchase,individual,14000,60,15.04,333.36,C,C4,Mar-2018,Current,whole,Cash,13520.36,988.38,479.64,508.74,0.0
2918,,,OK,mortgage,25000.0,Verified,47.91,81650.0,Verified,15.62,0,,2004,3,40,16,251634,44538,0,0,,0,0,1,5,8.0,16,0.0,0,5,54600,25,14,7,2,100.0,0,0,debt_consolidation,joint,17275,36,7.35,536.18,A,A4,Jan-2018,Fully Paid,whole,Cash,0.0,17645.9508644482,17275.0,370.95,0.0
9035,blackjack dealer,1.0,CA,own,20000.0,Source Verified,17.17,,,,0,,2013,1,19,10,40649,8963,0,0,,0,0,1,4,0.0,10,0.0,0,2,22400,16,9,2,0,100.0,0,0,credit_card,individual,8000,36,9.44,256.04,B,B1,Jan-2018,Current,whole,Cash,7019.16,1276.0,980.84,295.16,0.0
332,lead software architect,2.0,NH,mortgage,180000.0,Not Verified,9.92,,,,0,30.0,2001,2,26,15,213115,39894,0,0,30.0,0,517,4,3,5.0,15,0.0,0,5,13600,14,10,8,2,72.0,0,0,debt_consolidation,individual,27900,60,16.01,678.63,C,C5,Feb-2018,Current,whole,Cash,26649.66,2689.7,1250.34,1439.36,0.0
9722,janitor ,0.0,CA,rent,30000.0,Verified,34.68,,,,0,,2009,7,11,8,53144,41311,0,0,,0,0,2,5,5.0,8,0.0,0,1,5000,8,6,3,0,100.0,0,0,debt_consolidation,individual,20975,36,18.06,758.93,D,D2,Jan-2018,Current,whole,Cash,18691.0,3752.56,2284.0,1468.56,0.0
945,medical assistant ,4.0,NV,rent,37000.0,Not Verified,34.11,,,,0,,2002,0,18,11,81748,27882,0,0,,0,0,4,3,14.0,11,0.0,0,3,22900,13,7,5,0,100.0,0,0,debt_consolidation,individual,5000,36,6.07,152.27,A,A2,Feb-2018,Current,whole,Cash,4488.22,605.71,511.78,93.93,0.0
5025,support manager,9.0,NC,own,46680.0,Not Verified,4.09,,,,0,,2011,1,12,6,32900,6659,0,0,,0,0,0,3,9.0,6,0.0,0,1,20500,9,6,4,0,100.0,0,0,credit_card,individual,7000,36,6.72,215.25,A,A3,Jan-2018,Current,whole,Cash,6109.84,1073.64,890.16,183.48,0.0
4167,officer,10.0,GA,rent,51000.0,Source Verified,17.08,,,,0,,1994,5,29,14,49100,9274,0,1,,0,0,1,10,4.0,14,0.0,0,1,26300,23,13,7,2,100.0,0,1,credit_card,individual,16500,60,15.05,392.97,C,C4,Feb-2018,Current,whole,Cash,15741.74,1620.17,758.26,861.91,0.0
5330,accountant,2.0,TX,rent,47700.0,Not Verified,7.68,67700.0,Not Verified,10.06,0,,2013,2,14,13,38500,21242,0,0,,0,0,6,5,2.0,13,0.0,0,2,7800,7,7,3,0,100.0,0,0,debt_consolidation,joint,10000,36,10.9,326.92,B,B4,Mar-2018,Current,whole,Cash,9285.29,974.7,714.71,259.99,0.0
8274,apraisal deputy,10.0,IN,own,44000.0,Not Verified,21.71,,,,0,,1998,7,29,9,54868,25223,0,0,,0,0,1,3,2.0,9,0.0,0,3,46200,12,8,3,4,100.0,0,0,debt_consolidation,individual,20000,60,16.02,486.58,C,C5,Jan-2018,Current,whole,Cash,18872.39,2415.1,1127.61,1287.49,0.0
7863,president,7.0,FL,mortgage,120000.0,Not Verified,20.53,,,,0,69.0,1991,1,39,12,514650,99309,0,0,69.0,0,0,4,6,11.0,12,0.0,0,4,30000,21,7,7,7,94.9,0,0,debt_consolidation,individual,19000,36,9.43,608.01,B,B1,Mar-2018,Current,whole,Cash,17613.05,1804.12,1386.95,417.17,0.0
9055,supervisor front desk,10.0,WA,mortgage,35000.0,Verified,43.38,79000.0,Verified,21.16,0,,2003,4,11,8,344718,42113,0,0,,0,0,2,2,9.0,8,0.0,0,4,35600,6,4,4,3,100.0,0,0,home_improvement,joint,16600,36,7.34,515.15,A,A4,Mar-2018,In Grace Period,fractional,Cash,15770.24,1016.76,829.76,187.0,0.0
2066,assistant financial controller,3.0,NY,mortgage,170000.0,Not Verified,13.18,,,,0,,1998,2,21,12,668215,47324,0,0,,0,0,2,3,9.0,12,0.0,0,5,42100,14,8,7,1,100.0,0,0,credit_card,individual,19000,36,6.71,584.15,A,A3,Feb-2018,Current,whole,Cash,17072.27,2329.52,1927.73,401.79,0.0
9635,administrative specialist ,10.0,KS,mortgage,36000.0,Verified,29.73,,,,0,,1996,1,14,5,104575,26967,0,0,,0,0,1,2,10.0,5,0.0,0,2,13000,11,3,3,1,100.0,0,0,debt_consolidation,individual,20000,60,10.9,433.86,B,B4,Mar-2018,Current,fractional,Cash,19236.53,1289.47,763.47,526.0,0.0
2224,executive general manager,0.0,NC,mortgage,300000.0,Verified,22.74,,,,0,42.0,1986,2,80,13,871950,360136,0,0,42.0,0,0,5,8,2.0,13,0.0,0,4,78000,16,7,5,6,98.8,0,0,debt_consolidation,individual,36000,36,9.44,1152.18,B,B1,Feb-2018,Current,whole,Cash,32482.85,4589.84,3517.15,1072.69,0.0
4916,pharmacy technician,10.0,CA,mortgage,54000.0,Verified,26.67,,,,0,67.0,1998,1,39,18,487175,39795,0,0,67.0,0,0,2,5,9.0,18,0.0,0,2,57200,28,15,7,2,94.9,0,0,debt_consolidation,individual,2500,36,7.35,77.6,A,A4,Feb-2018,Current,fractional,Cash,2248.55,309.38,251.45,57.93,0.0
4325,investigator,10.0,WA,rent,72600.0,Not Verified,16.71,,,,0,70.0,2006,0,31,11,52246,28724,0,0,70.0,0,0,3,1,,11,0.0,0,4,8300,12,8,6,0,96.8,0,0,debt_consolidation,individual,3500,36,6.72,107.63,A,A3,Jan-2018,Current,whole,Cash,3054.89,543.38,445.11,98.27,0.0
6339,supervisor/front end,6.0,WA,rent,50000.0,Verified,30.51,,,,0,,2008,2,21,14,53075,23612,0,0,,0,0,4,4,11.0,14,0.0,0,6,24100,15,10,6,0,100.0,0,0,other,individual,15000,36,18.06,542.74,D,D2,Jan-2018,Current,fractional,Cash,13366.62,2698.65,1633.38,1065.27,0.0
223,kitchen designer,4.0,ME,own,35000.0,Verified,29.12,,,,0,,2003,0,34,18,72470,37589,0,0,,0,0,10,3,20.0,18,0.0,0,0,19300,13,8,0,0,100.0,0,0,debt_consolidation,individual,8000,36,5.32,240.92,A,A1,Feb-2018,Current,whole,Cash,6920.52,1207.77,1079.48,128.29,0.0
8524,telephone techician/ supervisor,10.0,CT,rent,79000.0,Verified,10.97,,,,0,,2007,0,12,7,36433,15976,0,1,,0,0,1,0,13.0,7,0.0,0,4,8800,9,6,6,1,100.0,0,1,debt_consolidation,individual,17500,36,11.98,581.09,B,B5,Mar-2018,Current,whole,Cash,16268.64,1731.62,1231.36,500.26,0.0
107,crew chief ,2.0,FL,mortgage,44000.0,Verified,24.77,,,,0,,2011,8,16,9,56476,40706,0,0,,0,167,3,7,3.0,9,0.0,0,2,9500,8,6,5,0,100.0,0,0,home_improvement,individual,7200,36,14.08,246.36,C,C3,Feb-2018,Fully Paid,whole,Cash,0.0,7518.1804182483,7200.0,318.18,0.0
2430,receptionist ,10.0,CA,mortgage,44211.0,Verified,11.94,,,,0,,2002,1,17,9,123170,12785,0,0,,0,0,0,3,10.0,9,0.0,0,1,5200,14,8,6,1,100.0,0,0,debt_consolidation,individual,12000,36,16.02,422.01,C,C5,Jan-2018,Current,whole,Cash,10655.53,2099.37,1344.47,754.9,0.0
2657,supervisor/installer,10.0,GA,mortgage,38000.0,Source Verified,31.9,108000.0,Source Verified,27.96,0,,2004,0,16,9,225937,21613,0,1,,0,0,1,4,,9,0.0,0,3,18300,11,7,6,2,93.8,0,1,major_purchase,joint,12000,60,26.77,364.78,E,E5,Mar-2018,Current,whole,Cash,11803.67,693.87,196.33,497.54,0.0
235,,,NE,rent,35000.0,Source Verified,5.59,,,,0,60.0,2005,2,17,9,14200,3702,0,0,60.0,0,755,0,6,10.0,9,0.0,0,4,14200,16,9,5,0,88.2,0,0,other,individual,3000,36,12.62,100.54,C,C1,Jan-2018,Current,whole,Cash,2719.66,400.06,280.34,119.72,0.0
8455,labor worker,2.0,CA,own,24000.0,Verified,6.0,54000.0,Verified,25.29,0,,2000,0,10,6,136342,2550,0,0,,0,0,0,3,18.0,6,0.0,0,1,19300,8,5,3,2,100.0,0,0,other,joint,7000,36,7.35,217.27,A,A4,Feb-2018,Current,whole,Cash,6295.98,866.22,704.02,162.2,0.0
4105,daycare teacher,2.0,AK,mortgage,21000.0,Source Verified,24.19,68000.0,Not Verified,24.8,0,,2012,0,11,10,25300,17819,0,0,,0,0,0,2,,10,0.0,0,7,21500,11,10,8,0,100.0,0,0,credit_card,joint,24000,36,10.42,779.16,B,B3,Jan-2018,Current,whole,Cash,21096.21,3861.07,2903.79,957.28,0.0
5618,partner,10.0,CA,rent,150000.0,Not Verified,19.92,,,,0,,2009,0,16,12,108967,71172,0,0,,0,0,2,3,,12,0.0,0,6,40500,11,9,7,0,100.0,0,0,credit_card,individual,20000,36,12.62,670.23,C,C1,Jan-2018,Current,whole,Cash,17401.75,3565.3,2598.25,967.05,0.0
8527,process associate,10.0,AL,mortgage,63000.0,Source Verified,7.54,128000.0,Source Verified,5.29,2,15.0,2004,0,29,7,141687,7655,0,0,21.0,0,0,1,4,18.0,7,0.0,0,2,4300,9,5,5,2,69.0,0,0,debt_consolidation,joint,24000,60,15.05,571.59,C,C4,Jan-2018,Current,whole,Cash,22612.69,2817.82,1387.31,1430.51,0.0
4095,equipment manager,4.0,TX,mortgage,90000.0,Source Verified,24.84,,,,0,,1990,1,26,13,281933,55725,0,0,,0,0,1,4,9.0,13,0.0,0,6,84100,19,10,7,3,96.2,0,0,debt_consolidation,individual,27000,60,5.32,513.5,A,A1,Jan-2018,Current,whole,DirectPay,25013.46,2559.52,1986.54,572.98,0.0
534,sales specialist,10.0,OH,mortgage,70000.0,Not Verified,26.11,,,,0,,1994,1,26,8,185630,69264,0,0,,0,0,1,3,5.0,8,0.0,0,3,27500,12,5,3,3,100.0,0,0,credit_card,individual,20000,60,9.92,424.16,B,B2,Mar-2018,Current,whole,DirectPay,19217.08,1261.46,782.92,478.54,0.0
6720,call center associate,1.0,IN,rent,12000.0,Source Verified,25.8,,,,0,,2013,2,20,19,49382,37545,0,0,,0,0,12,11,2.0,19,0.0,0,2,7800,8,7,4,0,100.0,0,0,credit_card,individual,2975,36,13.59,101.09,C,C2,Mar-2018,Current,fractional,Cash,2770.51,301.02,204.49,96.53,0.0
6375,supervisor,10.0,IN,own,80000.0,Source Verified,20.4,,,,1,21.0,2004,0,15,5,114662,89544,0,0,,0,0,2,0,,5,0.0,0,2,12400,5,3,3,0,86.7,0,0,home_improvement,individual,3000,36,13.59,101.94,C,C2,Feb-2018,Current,whole,Cash,2723.49,405.5,276.51,128.99,0.0
3822,nursing director,10.0,IL,mortgage,110000.0,Verified,30.82,169201.0,Verified,24.89,0,,1996,2,31,22,306187,122555,0,0,,0,0,6,5,4.0,22,0.0,0,3,41900,15,13,8,5,100.0,0,0,other,joint,40000,60,15.04,952.44,C,C4,Mar-2018,Current,whole,Cash,38629.65,2790.48,1370.35,1420.13,0.0
6277,bus driver,4.0,NY,mortgage,70000.0,Not Verified,17.56,,,,0,,1992,0,16,7,267870,33657,0,0,,0,0,2,3,,7,0.0,0,2,33100,6,3,2,3,100.0,0,0,debt_consolidation,individual,23650,36,5.32,712.22,A,A1,Mar-2018,Current,whole,DirectPay,21819.8,2129.67,1830.2,299.47,0.0
8460,content marketing specialist,0.0,NY,rent,58500.0,Not Verified,28.84,,,,0,,2004,0,30,20,135302,76380,0,0,,0,0,13,1,15.0,20,0.0,0,3,29600,9,7,4,0,100.0,0,0,credit_card,individual,7000,36,5.31,210.78,A,A1,Mar-2018,Current,whole,Cash,6458.19,628.21,541.81,86.4,0.0
4822,manager,10.0,MI,rent,84000.0,Source Verified,15.23,,,,0,96.0,2006,1,19,13,74900,24189,0,0,96.0,0,0,1,3,0.0,13,0.0,0,4,50700,18,12,4,0,94.7,0,0,debt_consolidation,individual,30000,36,9.93,967.03,B,B2,Mar-2018,Current,fractional,Cash,27825.77,2884.54,2174.23,710.31,0.0
603,owner,3.0,OH,mortgage,140000.0,Not Verified,37.22,,,,0,,2002,0,78,34,412549,121863,0,0,,0,0,5,3,13.0,34,0.0,0,14,61700,34,27,21,4,100.0,0,0,car,individual,10000,36,14.08,342.17,C,C3,Jan-2018,Current,whole,Cash,8849.12,1703.03,1150.88,552.15,0.0
4620,patient financial counselor ,10.0,CA,mortgage,55000.0,Source Verified,23.91,102000.0,Source Verified,27.47,0,,2007,3,33,20,305338,40906,0,1,,0,0,1,7,2.0,20,0.0,0,5,33100,25,18,8,3,100.0,0,1,home_improvement,joint,16000,60,14.08,372.96,C,C3,Jan-2018,Fully Paid,whole,Cash,0.0,16112.635555556,16000.0,112.64,0.0
3663,general manager,8.0,CA,rent,78000.0,Not Verified,4.22,,,,0,71.0,2007,1,8,6,15611,7986,0,0,,0,0,1,6,1.0,6,0.0,0,3,8100,5,5,4,0,87.5,0,0,debt_consolidation,individual,11200,60,21.85,308.38,D,D5,Mar-2018,Current,whole,Cash,10880.92,897.95,319.08,578.87,0.0
601,farmer,5.0,MN,rent,60000.0,Source Verified,15.26,,,,0,26.0,2012,3,12,6,39195,11985,0,0,,0,0,2,4,1.0,6,0.0,0,1,9800,6,4,1,0,83.3,0,0,debt_consolidation,individual,5000,36,13.59,169.9,C,C2,Jan-2018,Current,fractional,Cash,4420.65,845.72,579.35,266.37,0.0
7652,instructional assistant ,3.0,AZ,mortgage,56000.0,Source Verified,11.83,,,,1,11.0,1995,2,21,14,302506,19712,0,0,,0,193,2,7,4.0,14,0.0,0,5,37700,15,10,7,3,95.2,0,0,credit_card,individual,2500,36,9.93,80.59,B,B2,Jan-2018,Current,whole,Cash,2195.49,401.57,304.51,97.06,0.0
959,teacher,6.0,GA,mortgage,40000.0,Source Verified,16.26,70000.0,Not Verified,9.72,0,,2003,0,18,7,159510,31367,0,0,,0,0,4,2,,7,0.0,0,1,7000,7,1,1,3,100.0,0,0,car,joint,12000,60,10.9,260.32,B,B4,Mar-2018,Current,fractional,Cash,11695.99,506.11,304.01,202.1,0.0
3074,supervisor,10.0,TX,rent,34000.0,Not Verified,21.64,,,,0,,1993,3,21,11,30632,11648,0,0,,0,0,3,10,2.0,11,0.0,0,2,15000,9,8,2,0,100.0,0,0,credit_card,individual,2400,36,10.42,77.92,B,B3,Jan-2018,Current,whole,Cash,2109.6,388.21,290.4,97.81,0.0
8,parts,10.0,NV,mortgage,65000.0,Source Verified,36.48,,,,1,18.0,1998,3,35,21,283190,69561,0,0,18.0,0,0,6,10,4.0,21,0.0,0,11,36700,19,14,14,2,97.1,0,0,home_improvement,individual,20000,36,13.59,679.58,C,C2,Feb-2018,Current,whole,Cash,18156.66,2703.22,1843.34,859.88,0.0
1742,network infrastructure engineer,2.0,NJ,rent,150000.0,Not Verified,13.89,,,,0,,1999,4,39,17,125545,61678,0,1,,0,0,4,8,1.0,17,0.0,0,6,37200,25,13,9,3,100.0,0,1,debt_consolidation,individual,12000,36,6.72,369.0,A,A3,Feb-2018,Current,whole,Cash,10782.62,1500.64,1217.38,283.26,0.0
8063,paramedic,10.0,NC,own,37000.0,Source Verified,23.78,,,,1,7.0,2005,0,13,6,50300,27970,0,0,72.0,0,0,2,0,,6,0.0,0,3,11800,10,4,3,0,76.9,0,0,debt_consolidation,individual,6000,36,10.91,196.18,B,B4,Feb-2018,Current,whole,Cash,5425.7,808.36,574.3,234.06,0.0
6309,sr java analyst programmer,1.0,AL,mortgage,124000.0,Verified,29.79,,,,0,,1990,1,39,22,525460,172705,0,0,,0,0,4,4,12.0,22,0.0,0,7,110400,21,16,11,3,100.0,0,0,debt_consolidation,individual,40000,60,9.93,848.51,B,B2,Feb-2018,Current,whole,Cash,37904.12,3338.87,2095.88,1242.99,0.0
8411,cap supervisor,2.0,TX,own,34000.0,Source Verified,27.11,,,,0,,2007,0,18,10,47029,32788,0,0,,0,0,1,8,,10,0.0,0,5,8900,11,9,6,0,100.0,0,0,debt_consolidation,individual,20000,36,9.92,644.6,B,B2,Mar-2018,Current,whole,Cash,19037.5,1267.16,962.5,304.66,0.0
8682,marketing specialist,2.0,FL,rent,52000.0,Not Verified,11.49,,,,1,14.0,2002,0,21,10,43855,15700,0,0,,0,81,1,3,20.0,10,0.0,0,3,27000,15,8,3,0,85.7,0,0,small_business,individual,8000,36,7.96,250.55,A,A5,Mar-2018,Current,whole,Cash,7403.61,748.11,596.39,151.72,0.0
6426,train operator,10.0,NY,mortgage,85000.0,Not Verified,23.03,,,,1,4.0,2001,2,36,23,349945,44783,0,0,,0,0,3,6,5.0,23,0.0,0,10,37300,26,18,13,2,90.6,0,0,credit_card,individual,15000,60,9.93,318.19,B,B2,Mar-2018,Current,whole,Cash,14412.97,938.02,587.03,350.99,0.0
6540,,,MO,mortgage,43000.0,Verified,16.86,,,,0,,2006,3,26,15,147834,15544,0,0,,0,0,2,12,2.0,15,0.0,0,3,4500,12,12,8,1,100.0,0,0,debt_consolidation,individual,24000,36,16.01,843.89,C,C5,Mar-2018,Current,fractional,Cash,22407.87,2403.59,1592.13,811.46,0.0
253,dockworker,3.0,PA,own,70000.0,Not Verified,7.75,,,,0,,1992,0,11,10,68800,19857,0,0,,0,0,0,3,15.0,10,0.0,0,3,61100,11,10,4,0,100.0,0,0,debt_consolidation,individual,10000,60,9.44,209.73,B,B1,Feb-2018,Current,whole,Cash,9469.53,833.68,530.47,303.21,0.0
5234,car inspector,6.0,NJ,rent,75000.0,Source Verified,1.95,,,,0,78.0,2002,0,21,6,42400,5005,0,1,,0,170,0,2,18.0,6,0.0,0,3,39000,16,6,3,0,85.7,1,0,house,individual,24000,60,9.92,508.99,B,B2,Mar-2018,Current,whole,Cash,23060.51,1500.52,939.49,561.03,0.0
7957,post-closer manager,3.0,VA,own,74000.0,Verified,12.13,,,,1,7.0,2000,9,19,14,345352,40402,0,0,,0,0,2,8,7.0,14,0.0,0,3,35600,15,11,4,1,89.5,0,0,debt_consolidation,individual,30000,60,28.72,947.15,F,F1,Jan-2018,Current,whole,Cash,28798.08,4568.22,1201.92,3366.3,0.0
1889,foreman ,10.0,GA,mortgage,75000.0,Verified,10.27,,,,0,49.0,2004,4,22,12,181225,40833,0,0,97.0,0,0,2,10,2.0,12,0.0,0,3,24600,12,9,3,2,86.4,0,0,small_business,individual,28000,60,9.43,587.1,B,B1,Mar-2018,Current,whole,Cash,26890.12,1746.63,1109.88,636.75,0.0
2881,receptionist ,1.0,AL,rent,70000.0,Source Verified,29.64,125000.0,Source Verified,19.65,1,23.0,1981,3,36,19,103715,56057,0,0,23.0,0,0,1,2,6.0,19,0.0,0,3,45000,24,17,6,3,97.2,0,0,debt_consolidation,joint,4000,36,15.05,138.76,C,C4,Jan-2018,Current,fractional,Cash,3545.78,687.11,454.22,232.89,0.0
69,bartender,0.0,UT,rent,25000.0,Source Verified,3.7,,,,1,14.0,1972,1,6,4,1900,807,0,0,,0,0,0,2,1.0,4,0.0,0,2,1200,6,4,3,0,66.7,0,0,debt_consolidation,individual,5000,36,12.62,167.56,C,C1,Jan-2018,Current,fractional,Cash,4412.9,829.04,587.1,241.94,0.0
1923,cna,2.0,MD,mortgage,30000.0,Not Verified,12.6,,,,0,,2013,3,6,6,39303,17720,0,0,,0,0,1,3,3.0,6,0.0,0,3,15700,5,5,3,0,100.0,0,0,credit_card,individual,6000,36,7.35,186.23,A,A4,Feb-2018,Current,whole,DirectPay,5396.56,742.47,603.44,139.03,0.0
8032,owner opperator,10.0,OH,mortgage,50000.0,Not Verified,31.2,,,,0,27.0,2004,2,22,14,209569,45969,0,0,,0,0,2,4,11.0,14,0.0,0,4,39300,12,10,6,2,90.9,0,0,credit_card,individual,19000,36,14.07,650.03,C,C3,Mar-2018,Current,fractional,Cash,17703.15,1920.39,1296.85,623.54,0.0
4526,refrigeration mechanic ,1.0,FL,rent,36400.0,Not Verified,37.75,122400.0,Not Verified,12.02,0,,2011,1,9,6,69601,42986,0,0,,0,0,2,0,5.0,6,0.0,0,3,14100,5,4,4,0,100.0,0,0,moving,joint,31275,60,13.59,721.09,C,C2,Jan-2018,Current,whole,Cash,22338.45,10581.84,8936.55,1645.29,0.0
1086,counselor,3.0,CA,own,35000.0,Source Verified,14.81,,,,0,44.0,1999,5,8,4,28395,20919,0,0,,0,219,1,2,0.0,4,0.0,0,2,3000,5,3,3,0,87.5,0,0,debt_consolidation,individual,8000,36,10.91,261.57,B,B4,Feb-2018,Current,whole,Cash,7234.29,1034.16,765.71,268.45,0.0
8018,ceo,10.0,IL,mortgage,130000.0,Verified,24.3,,,,0,,1991,8,34,9,259240,105376,0,0,,0,0,2,3,1.0,9,0.0,0,6,60300,15,6,6,7,100.0,0,0,credit_card,individual,40000,36,10.91,1307.85,B,B4,Jan-2018,Current,fractional,Cash,35192.46,6515.01,4807.54,1707.47,0.0
6040,cfo,2.0,NY,own,135000.0,Source Verified,8.81,,,,0,26.0,1999,8,16,8,1016080,95241,0,0,43.0,0,0,5,5,1.0,8,0.0,0,1,3300,3,1,1,5,87.5,0,0,major_purchase,individual,27900,36,9.93,899.34,B,B2,Feb-2018,Current,fractional,Cash,25195.01,3581.97,2704.99,876.98,0.0
9178,server,7.0,CA,rent,65700.0,Not Verified,14.14,,,,0,,2004,1,26,9,68001,29401,0,0,,0,0,1,2,9.0,8,,0,5,38500,22,7,6,0,100.0,0,0,debt_consolidation,individual,11200,36,5.32,337.29,A,A1,Feb-2018,Current,whole,Cash,10041.78,1345.85,1158.22,187.63,0.0
7887,instructional assistant,10.0,AZ,mortgage,15000.0,Source Verified,15.68,67000.0,Source Verified,16.17,0,,1998,11,19,8,298810,5492,0,1,,0,0,0,6,0.0,8,0.0,0,1,13000,11,7,3,5,100.0,0,1,debt_consolidation,joint,20000,60,18.06,508.53,D,D2,Feb-2018,Current,whole,Cash,19150.95,2014.05,849.05,1165.0,0.0
2962,,,WA,own,15380.0,Verified,4.53,41720.0,Verified,25.92,0,,1996,0,3,1,2000,1961,0,0,,0,0,0,0,,1,0.0,0,1,2000,2,1,1,0,100.0,0,0,medical,joint,2100,36,15.04,72.84,C,C4,Mar-2018,Current,fractional,Cash,1958.68,225.35,141.32,84.03,0.0
1269,supervisor,3.0,IN,rent,47757.0,Verified,25.11,,,,0,,2010,0,7,6,39482,36228,0,0,,0,0,0,1,,6,,0,4,37340,6,5,4,0,100.0,0,0,debt_consolidation,individual,23000,60,13.58,530.18,C,C2,Mar-2018,Current,whole,Cash,22181.11,1573.19,818.89,754.3,0.0
197,microbiology labratory security,0.0,CA,own,27000.0,Not Verified,2.54,,,,0,,1999,0,5,3,15600,1364,0,0,,0,0,0,0,,3,0.0,0,2,15000,3,3,2,0,100.0,0,0,other,individual,3600,36,6.72,110.7,A,A3,Jan-2018,Current,fractional,Cash,3142.2,552.16,457.8,94.36,0.0
493,designer,2.0,FL,rent,69200.0,Source Verified,5.03,,,,0,57.0,2011,0,21,10,17700,5276,0,1,57.0,0,1570,0,4,,10,0.0,0,2,11700,19,10,4,0,90.5,0,1,medical,individual,15000,36,9.43,480.01,B,B1,Mar-2018,Current,fractional,Cash,13905.04,1432.17,1094.96,337.21,0.0
3519,ui ux designer,2.0,MI,rent,94000.0,Not Verified,12.78,,,,0,,2014,3,11,9,75813,34994,0,0,,0,0,2,9,7.0,9,0.0,0,4,38000,8,7,5,0,100.0,0,0,other,individual,30000,36,12.61,1005.2,C,C1,Feb-2018,Current,whole,Cash,27908.32,2994.58,2091.68,902.9,0.0
644,hairstylist,10.0,TX,mortgage,60000.0,Not Verified,19.24,,,,0,,2007,3,19,9,64017,43871,0,0,,0,1127,1,3,3.0,9,0.0,0,4,13500,13,8,5,0,100.0,0,0,home_improvement,individual,6000,36,10.42,194.79,B,B3,Jan-2018,Current,whole,Cash,5274.05,967.0,725.95,241.05,0.0
1366,legal secretary,10.0,AZ,mortgage,58000.0,Source Verified,21.73,,,,0,,1985,0,31,13,253507,45620,0,0,,0,0,1,4,23.0,13,0.0,0,6,54800,22,11,7,5,100.0,0,0,credit_card,individual,17000,36,9.44,544.09,B,B1,Feb-2018,Current,whole,DirectPay,15339.1,2189.73,1660.9,528.83,0.0
1605,escrow officer,2.0,TX,own,89000.0,Not Verified,17.62,,,,1,12.0,1993,0,24,13,231700,32951,0,0,,0,0,1,5,22.0,13,0.0,0,7,39500,16,11,8,6,91.7,0,0,credit_card,individual,16000,36,13.58,543.59,C,C2,Mar-2018,Current,whole,Cash,14900.08,1606.63,1099.92,506.71,0.0
6906,database administrator,5.0,DE,mortgage,100000.0,Source Verified,18.77,,,,0,,2002,5,35,17,482752,90235,0,0,,0,0,10,1,2.0,17,0.0,0,3,19600,9,6,4,5,77.1,0,0,debt_consolidation,individual,14000,36,9.92,451.22,B,B2,Mar-2018,Current,whole,Cash,12985.2,1345.94,1014.8,331.14,0.0
4498,chief engineer,10.0,WI,mortgage,130000.0,Not Verified,31.18,,,,0,36.0,2001,2,45,13,591015,176029,0,0,,0,0,5,5,10.0,13,,0,5,63300,20,6,5,10,98.0,0,0,debt_consolidation,individual,25000,36,7.34,775.82,A,A4,Mar-2018,Current,whole,Cash,23119.84,2307.07,1880.16,426.91,0.0
9371,evaluation analyst,5.0,NC,rent,42000.0,Verified,18.26,,,,0,,2011,1,9,8,33347,20518,0,0,,0,0,1,5,7.0,8,,0,7,22701,7,7,5,0,100.0,0,0,debt_consolidation,individual,15000,60,14.08,349.65,C,C3,Feb-2018,Current,whole,Cash,14293.08,1463.13,706.92,756.21,0.0
4831,,,FL,rent,75341.0,Source Verified,8.38,,,,0,,2009,0,14,7,20924,10800,0,1,,0,0,1,2,,7,0.0,0,3,7800,5,5,4,0,100.0,0,1,credit_card,individual,10000,36,9.93,322.35,B,B2,Feb-2018,Current,whole,Cash,9029.64,1278.37,970.36,308.01,0.0
3255,boat captain,2.0,AL,mortgage,136000.0,Source Verified,15.12,,,,0,82.0,2002,1,23,7,249401,87470,0,0,82.0,0,105,3,3,8.0,7,0.0,0,1,10000,6,3,2,5,95.7,0,0,debt_consolidation,individual,20000,36,7.97,626.46,A,A5,Feb-2018,Current,whole,Cash,18509.26,1870.52,1490.74,379.78,0.0
5879,,,TX,rent,21049.0,Not Verified,25.31,,,,0,,2000,1,13,9,25007,7176,0,0,,0,2389,1,3,9.0,9,0.0,0,3,3700,11,8,4,0,100.0,0,0,debt_consolidation,individual,16000,60,17.09,398.42,D,D1,Feb-2018,Current,whole,Cash,15303.07,1563.3,696.93,866.37,0.0
3063,manager ,0.0,MI,rent,65000.0,Source Verified,14.38,,,,0,,2003,2,18,11,96700,39721,0,0,,0,0,1,10,1.0,11,0.0,0,7,74400,16,10,7,0,100.0,0,0,credit_card,individual,24000,36,7.97,751.75,A,A5,Feb-2018,Current,whole,Cash,21606.89,2996.37,2393.11,603.26,0.0
4308,department manager,10.0,NC,mortgage,140000.0,Source Verified,11.5,198000.0,,17.93,0,,1989,0,18,8,314237,50692,0,0,,0,0,2,2,17.0,8,0.0,0,3,38900,8,5,5,3,100.0,0,0,debt_consolidation,joint,30000,36,7.35,931.13,A,A4,Jan-2018,In Grace Period,fractional,DirectPay,26982.9,3712.27,3017.1,695.17,0.0
8456,day porter ,3.0,MA,rent,43000.0,Not Verified,23.05,,,,0,62.0,2011,10,18,10,56231,32443,0,0,62.0,0,0,2,7,2.0,10,0.0,0,5,29700,11,8,7,0,94.4,0,0,debt_consolidation,individual,10000,36,10.42,324.65,B,B3,Feb-2018,Current,whole,Cash,9280.34,968.16,719.66,248.5,0.0
1077,apps dev consultant,9.0,NJ,own,99000.0,Source Verified,20.69,,,,0,,2013,7,24,17,362797,67976,0,0,,0,0,3,8,2.0,17,0.0,0,4,52800,15,13,4,2,100.0,0,0,credit_card,individual,15000,36,11.98,498.08,B,B5,Mar-2018,Current,whole,Cash,14299.86,976.19,700.14,276.05,0.0
4651,assembler,10.0,NC,rent,37500.0,Source Verified,24.48,,,,0,,2003,4,20,10,48660,31116,0,1,,0,66,1,12,1.0,10,0.0,0,2,3500,13,9,9,1,100.0,0,1,credit_card,individual,1800,36,10.41,58.43,B,B3,Mar-2018,Current,fractional,DirectPay,1670.44,174.25,129.56,44.69,0.0
3742,owner,10.0,PA,mortgage,125000.0,Not Verified,35.15,,,,1,11.0,1985,1,16,10,645243,157431,0,0,60.0,0,0,5,4,12.0,10,0.0,0,3,20900,8,3,3,2,68.8,0,0,home_improvement,individual,20000,36,14.07,684.24,C,C3,Mar-2018,Current,fractional,Cash,18634.9,2037.09,1365.1,671.99,0.0
2498,attraction attendant ,5.0,FL,rent,13000.0,Source Verified,35.8,,,,0,,2011,1,8,7,46507,18593,0,0,,0,0,3,3,1.0,7,0.0,0,3,27700,4,4,3,0,100.0,0,0,moving,individual,4000,36,9.92,128.92,B,B2,Mar-2018,Current,fractional,Cash,3710.06,382.35,289.94,92.41,0.0
9090,team leader,10.0,FL,mortgage,68000.0,Source Verified,17.1,,,,0,,1996,2,23,16,350947,25447,0,1,,0,0,2,9,8.0,16,0.0,0,1,11300,16,13,9,1,100.0,0,1,credit_card,individual,10000,36,7.97,313.23,A,A5,Jan-2018,Current,whole,Cash,9002.87,1248.49,997.13,251.36,0.0
2304,"sr mgr, na maintenance & facility eng",3.0,WA,rent,101000.0,Source Verified,27.77,,,,0,,1988,1,24,10,107306,54328,0,0,,0,0,3,5,10.0,10,0.0,0,4,36500,14,7,6,0,100.0,0,0,medical,individual,5000,36,9.93,161.18,B,B2,Jan-2018,Current,whole,Cash,4390.98,803.14,609.02,194.12,0.0
7787,script supervisor,10.0,CA,rent,60000.0,Not Verified,11.52,,,,0,,2000,0,14,3,26400,21513,0,0,,0,76,0,1,24.0,3,0.0,0,3,26400,7,3,3,0,100.0,0,0,credit_card,individual,16000,36,9.43,512.01,B,B1,Mar-2018,Current,whole,Cash,14832.04,1527.65,1167.96,359.69,0.0
9447,,,WI,mortgage,59054.0,Not Verified,24.2,,,,0,,2003,2,18,10,196574,16799,0,0,,0,0,1,2,6.0,10,0.0,0,1,2100,7,6,2,3,100.0,0,0,debt_consolidation,individual,15000,36,6.08,456.88,A,A2,Feb-2018,Current,whole,Cash,13464.86,1822.45,1535.14,287.31,0.0
3886,loan assistant,1.0,MO,mortgage,23000.0,Verified,39.72,93000.0,Source Verified,20.48,0,,2005,1,35,12,76145,36998,0,0,,0,0,2,4,7.0,12,0.0,0,1,8000,19,10,3,2,100.0,0,0,debt_consolidation,joint,21500,36,6.72,661.11,A,A3,Feb-2018,Current,whole,Cash,19217.23,2728.39,2282.77,445.62,0.0
8721,,,TX,mortgage,53654.88,Not Verified,7.05,,,,0,57.0,1979,3,46,24,172900,10440,0,0,57.0,0,4427,0,10,4.0,24,0.0,0,5,43400,41,23,10,3,82.2,0,0,debt_consolidation,individual,15000,36,9.93,483.52,B,B2,Jan-2018,Current,fractional,Cash,13173.04,2409.32,1826.96,582.36,0.0
8556,secretary,10.0,CA,rent,70000.0,Source Verified,17.3,120000.0,Source Verified,10.49,0,,2004,4,31,5,59042,50345,0,0,,0,0,2,6,4.0,5,0.0,0,1,9000,20,3,2,0,100.0,0,0,other,joint,18000,36,20.0,668.95,D,D4,Jan-2018,Current,fractional,Cash,16486.89,2655.8,1513.11,1142.69,0.0
3848,tint technician ,10.0,TX,mortgage,45000.0,Not Verified,15.48,90000.0,,17.53,0,,2014,3,18,15,303968,20648,0,0,,0,0,0,11,6.0,15,0.0,0,4,87800,14,14,6,1,100.0,0,0,debt_consolidation,joint,15000,36,9.44,480.08,B,B1,Feb-2018,Current,fractional,DirectPay,13534.5,1912.45,1465.5,446.95,0.0
8610,youth development specialist,4.0,CA,rent,30000.0,Source Verified,20.48,,,,0,,2013,4,9,7,28000,11996,0,0,,0,0,1,5,5.0,7,0.0,0,1,10000,8,6,1,0,100.0,0,0,debt_consolidation,individual,17600,36,9.43,563.21,B,B1,Mar-2018,Current,whole,Cash,16315.25,1680.41,1284.75,395.66,0.0
9976,,,MI,mortgage,90000.0,Not Verified,24.36,,,,0,,1999,2,23,9,359324,71363,0,1,,0,0,4,6,0.0,9,0.0,0,3,25700,7,4,4,1,100.0,0,1,debt_consolidation,individual,14000,36,9.43,448.01,B,B1,Mar-2018,Current,whole,Cash,13321.35,932.7,678.65,254.05,0.0
3615,operations manager,4.0,VA,rent,27000.0,Source Verified,5.07,53000.0,Source Verified,9.51,0,46.0,2007,1,18,8,31300,3900,0,0,46.0,0,0,0,7,8.0,8,0.0,0,3,22000,11,8,4,0,61.1,0,0,debt_consolidation,joint,4000,36,11.99,132.84,B,B5,Feb-2018,Current,whole,Cash,3622.9,526.03,377.1,148.93,0.0
6736,wholesale clerk,0.0,CA,rent,23000.0,Verified,32.62,55000.0,Verified,31.18,1,20.0,2014,0,19,15,35992,25935,0,0,20.0,0,0,1,8,15.0,15,0.0,0,5,7000,18,14,8,0,94.7,0,0,debt_consolidation,joint,12800,60,26.3,385.52,E,E5,Jan-2018,Current,whole,Cash,12251.55,1908.9,548.45,1360.45,0.0
1320,data coordinator,6.0,IN,mortgage,56400.0,Not Verified,1.98,,,,0,,2004,4,15,3,12800,5934,0,0,,0,0,0,4,4.0,3,0.0,0,0,0,9,3,1,0,100.0,0,0,debt_consolidation,individual,19200,60,11.99,427.0,B,B5,Feb-2018,Current,whole,Cash,18245.17,1695.21,954.83,740.38,0.0
3125,attorney,4.0,IL,mortgage,103500.0,Verified,31.29,,,,0,,2004,1,24,7,469223,109777,0,0,,0,0,1,2,4.0,7,0.0,0,4,58300,12,5,5,1,100.0,0,0,debt_consolidation,individual,8500,36,18.45,309.22,D,D2,Mar-2018,Fully Paid,whole,Cash,0.0,8513.07375,8500.0,13.07,0.0
5736,sales,2.0,MO,mortgage,110000.0,Source Verified,19.55,,,,0,,2006,3,14,8,343888,60728,0,0,,0,0,2,4,5.0,8,0.0,0,3,23400,5,4,4,3,100.0,0,0,debt_consolidation,individual,30000,36,18.45,1091.36,D,D2,Mar-2018,Current,fractional,Cash,28678.72,2248.02,1321.28,926.74,0.0
5318,,,CA,mortgage,110000.0,Not Verified,11.2,,,,0,,1963,0,20,8,1023751,23623,0,0,,0,0,2,4,21.0,8,0.0,0,0,0,11,4,3,5,100.0,0,0,home_improvement,individual,15000,60,7.34,299.44,A,A4,Mar-2018,Current,whole,Cash,14583.35,592.76,416.65,176.11,0.0
1260,truck driver,8.0,FL,mortgage,72000.0,Not Verified,26.38,,,,0,48.0,2005,0,24,8,406479,61290,0,0,48.0,0,0,2,4,22.0,8,0.0,0,4,29500,15,5,5,2,95.7,0,0,debt_consolidation,individual,25000,60,12.61,563.85,C,C1,Mar-2018,Current,whole,Cash,24087.05,1656.52,912.95,743.57,0.0
9569,collector,3.0,OR,own,36000.0,Source Verified,8.87,,,,0,,1993,0,14,11,59200,7705,0,0,,0,0,0,2,,11,0.0,0,5,50800,13,11,6,0,100.0,0,0,credit_card,individual,10000,36,5.32,301.15,A,A1,Jan-2018,Current,whole,Cash,8965.88,1209.04,1034.12,174.92,0.0
8450,account executive,1.0,CA,rent,80000.0,Not Verified,20.76,,,,1,21.0,1999,0,16,10,76546,25664,0,0,52.0,0,0,3,1,15.0,10,0.0,0,4,43200,11,7,4,2,93.3,0,0,debt_consolidation,individual,9600,36,10.9,313.84,B,B4,Mar-2018,Current,fractional,Cash,8913.89,935.71,686.11,249.6,0.0
3764,executive director,3.0,VA,rent,61000.0,Not Verified,15.78,,,,1,14.0,1991,2,15,10,57602,35251,0,0,,0,118,1,2,1.0,10,0.0,0,6,46500,12,9,6,0,93.3,0,0,debt_consolidation,individual,7200,36,15.05,249.77,C,C4,Jan-2018,Current,whole,Cash,6382.4,1284.97,817.6,467.37,0.0
473,executive director,5.0,CO,rent,73000.0,Verified,12.13,,,,0,67.0,2004,2,40,7,474518,65723,0,0,80.0,0,0,2,7,4.0,7,0.0,0,4,17500,14,4,4,1,94.9,0,0,credit_card,individual,12000,36,10.41,389.53,B,B3,Feb-2018,Current,whole,Cash,11136.26,1179.0,863.74,315.26,0.0
4128,,,AR,rent,40743.25,Source Verified,27.3,,,,0,,2006,2,14,13,47200,40586,0,0,,0,0,2,8,4.0,13,,0,3,7000,12,11,10,0,100.0,0,0,debt_consolidation,individual,7325,36,21.85,279.18,D,D5,Mar-2018,Current,whole,Cash,6879.58,828.65,445.42,383.23,0.0
3274,,,FL,mortgage,37000.0,Source Verified,21.23,,,,1,23.0,1984,2,19,8,88000,12782,0,0,23.0,0,1430,1,0,7.0,8,0.0,0,4,10400,14,6,5,2,68.4,0,0,debt_consolidation,individual,10000,36,11.99,332.1,B,B5,Feb-2018,Current,whole,Cash,9057.25,1321.74,942.75,378.99,0.0
4580,tire technician,2.0,CA,rent,26000.0,Source Verified,21.05,,,,0,,2014,2,7,6,32430,23005,0,0,,0,0,1,3,9.0,6,0.0,0,2,6800,5,5,4,0,100.0,0,0,debt_consolidation,individual,2400,36,12.62,80.43,C,C1,Feb-2018,Current,whole,Cash,2175.73,320.04,224.27,95.77,0.0
3976,teacher ,3.0,CT,own,62000.0,Verified,11.79,,,,0,34.0,2010,16,17,12,310682,77257,0,0,34.0,0,0,2,6,5.0,12,0.0,0,2,12300,11,8,4,2,94.1,0,0,debt_consolidation,individual,20000,36,18.06,723.66,D,D2,Jan-2018,Current,whole,Cash,17822.13,3578.17,2177.87,1400.3,0.0
8276,director ,2.0,HI,rent,97000.0,Not Verified,28.24,,,,0,,1998,0,20,8,103203,46215,0,0,,0,0,2,2,15.0,8,0.0,0,2,36800,7,6,4,0,100.0,0,0,debt_consolidation,individual,20000,60,12.62,451.19,C,C1,Feb-2018,Current,whole,Cash,19021.27,1776.72,978.73,797.99,0.0
122,planning supervisor ,10.0,NY,mortgage,155000.0,Verified,16.13,,,,0,,2005,2,33,12,294645,96202,0,0,,0,0,6,11,6.0,12,0.0,0,1,24500,13,4,2,2,100.0,0,0,major_purchase,individual,25000,36,9.93,805.86,B,B2,Feb-2018,Current,whole,Cash,22574.16,3209.65,2425.84,783.81,0.0
329,registered nurse,0.0,MO,mortgage,60000.0,Source Verified,17.58,,,,0,34.0,1995,1,28,10,256640,66507,0,0,34.0,0,0,3,5,3.0,10,0.0,0,2,15100,14,5,4,2,85.7,0,0,debt_consolidation,individual,8300,36,13.59,282.03,C,C2,Jan-2018,Current,whole,Cash,7534.99,1153.19,765.01,388.18,0.0
6717,housekeeper,4.0,NY,rent,41000.0,Source Verified,18.82,,,,1,11.0,2008,1,19,12,33111,15291,1,0,11.0,0,0,1,2,2.0,12,0.0,0,3,4700,16,11,9,0,94.7,0,0,debt_consolidation,individual,5000,36,15.04,173.43,C,C4,Mar-2018,Current,whole,Cash,4663.53,516.11,336.47,179.64,0.0
4556,wine steward,4.0,TX,mortgage,44900.0,Verified,3.05,,,,0,,1997,0,6,4,87549,4321,0,0,,0,0,1,4,,4,0.0,0,1,36000,2,2,1,2,100.0,0,0,home_improvement,individual,18000,36,7.35,558.68,A,A4,Feb-2018,Current,whole,Cash,16189.73,2227.37,1810.27,417.1,0.0
7422,general manager,10.0,PA,mortgage,60000.0,Not Verified,16.61,,,,0,26.0,1987,1,27,9,222423,38524,0,0,26.0,0,0,1,3,6.0,9,0.0,0,2,12500,16,6,3,2,55.6,0,0,house,individual,9600,36,7.34,297.92,A,A4,Feb-2018,Current,whole,Cash,8634.39,1183.85,965.61,218.24,0.0
8024,icare,5.0,TX,rent,36000.0,Source Verified,18.77,,,,0,36.0,2001,4,7,5,19578,12710,0,0,36.0,0,0,3,3,3.0,5,0.0,0,2,1500,3,2,2,0,85.7,0,0,debt_consolidation,individual,8000,36,14.08,273.74,C,C3,Feb-2018,Current,fractional,Cash,7267.74,1088.7,732.26,356.44,0.0
6324,accounting technician,10.0,ME,mortgage,44000.0,Verified,20.24,,,,0,41.0,2004,0,26,9,99972,25961,0,0,,0,0,1,3,24.0,9,,0,4,14950,15,7,7,2,92.0,0,0,debt_consolidation,individual,18000,60,11.99,400.31,B,B5,Feb-2018,Current,fractional,Cash,17102.5,1580.02,897.5,682.52,0.0
3963,director of  parent and school community,10.0,NY,rent,80000.0,Not Verified,20.34,,,,0,,2000,0,13,4,48000,32309,0,0,,0,0,1,1,15.0,4,0.0,0,2,10700,10,3,2,0,100.0,0,0,credit_card,individual,15000,36,9.44,480.08,B,B1,Feb-2018,Current,fractional,Cash,13534.5,1904.59,1465.5,439.09,0.0
9876,supervisor,10.0,SD,mortgage,75000.0,Source Verified,35.49,,,,0,,1998,1,37,16,312303,110479,0,0,,0,0,3,6,11.0,16,0.0,0,6,75500,17,12,7,3,100.0,0,0,credit_card,individual,20000,36,5.31,602.21,A,A1,Mar-2018,Current,fractional,DirectPay,18452.04,1800.73,1547.96,252.77,0.0
5768,server,3.0,NY,rent,50000.0,Source Verified,4.99,,,,0,,2013,1,8,7,37695,5988,0,0,,0,0,0,4,10.0,7,0.0,0,5,37600,6,6,5,0,100.0,0,0,small_business,individual,20000,36,12.61,670.13,C,C1,Mar-2018,Current,whole,Cash,13593.3,6996.38,6406.7,589.68,0.0
6919,vp of sales,4.0,IL,own,270000.0,Source Verified,11.46,,,,0,,1985,1,30,11,708284,71394,0,0,,0,0,3,6,10.0,11,0.0,0,2,39300,6,6,3,8,100.0,0,0,home_improvement,individual,40000,36,5.32,1204.6,A,A1,Feb-2018,Current,whole,Cash,35863.53,4806.58,4136.47,670.11,0.0
3459,data analyst,8.0,TX,mortgage,58000.0,Source Verified,1.18,,,,0,,2004,1,11,7,29800,535,0,0,,0,0,0,2,9.0,7,0.0,0,2,14000,9,7,2,0,100.0,0,0,major_purchase,individual,10800,36,7.34,335.16,A,A4,Mar-2018,Current,whole,Cash,8260.15,2665.92,2539.85,126.07,0.0
1475,dental hygienist ,6.0,TX,own,63360.0,Verified,17.37,,,,1,7.0,2008,0,28,20,88748,61435,0,0,28.0,0,0,11,2,18.0,20,0.0,0,1,5000,11,9,1,0,88.9,0,0,other,individual,10000,36,7.97,313.23,A,A5,Feb-2018,Current,whole,Cash,9002.87,1244.06,997.13,246.93,0.0
50,hes advisor ,2.0,TX,mortgage,115000.0,Verified,18.72,,,,0,26.0,2005,6,21,15,394519,69124,0,0,42.0,0,0,2,11,1.0,15,,0,8,40150,12,10,5,2,76.0,0,0,debt_consolidation,individual,20000,60,22.91,562.78,E,E1,Feb-2018,Current,whole,Cash,19255.22,2225.66,744.78,1480.88,0.0
8078,,,CA,rent,25200.0,Source Verified,2.0,,,,0,,2004,2,8,4,20500,519,0,0,,0,0,0,3,1.0,4,0.0,0,2,15500,7,4,2,0,100.0,0,0,other,individual,25000,60,14.08,582.75,C,C3,Feb-2018,Current,whole,Cash,23568.96,2561.44,1431.04,1130.4,0.0
562,reciever,0.0,MA,rent,24000.0,Source Verified,4.4,,,,0,,2010,2,8,2,16750,11564,0,0,,0,0,1,5,5.0,2,0.0,0,0,3500,7,1,0,0,100.0,0,0,moving,individual,6025,36,10.9,196.97,B,B4,Mar-2018,Late (31-120 days),whole,Cash,5882.76,189.67,142.24,47.43,0.0
4734,vp of finance and administration,6.0,FL,mortgage,66150.0,Verified,35.06,,,,1,10.0,2006,1,32,19,320788,51279,0,0,,0,259,2,4,5.0,19,0.0,0,7,38300,20,16,16,2,96.9,0,0,debt_consolidation,individual,25000,36,15.05,867.25,C,C4,Feb-2018,Current,whole,DirectPay,22743.15,3448.1,2256.85,1191.25,0.0
3966,community health/public health rn,10.0,OR,own,70000.0,Not Verified,17.93,,,,0,33.0,1995,0,29,15,119390,30256,0,0,,0,0,2,7,16.0,15,0.0,0,4,80400,26,13,4,0,96.6,0,0,debt_consolidation,individual,27000,36,6.72,830.23,A,A3,Jan-2018,Current,fractional,Cash,23566.61,4141.07,3433.39,707.68,0.0
9750,sales manager,10.0,MA,mortgage,90000.0,Not Verified,27.36,,,,0,25.0,1990,3,31,12,513762,101437,0,0,,0,0,3,3,7.0,12,0.0,0,3,16400,13,6,5,5,96.8,0,0,debt_consolidation,individual,15000,60,18.06,381.4,D,D2,Jan-2018,Current,whole,Cash,14197.97,1891.95,802.03,1089.92,0.0
5820,design engineer,8.0,OH,mortgage,110000.0,Not Verified,22.52,,,,0,,2002,0,25,12,193578,87190,0,0,,0,0,3,2,,12,0.0,0,2,28100,19,9,5,2,100.0,0,0,debt_consolidation,individual,22000,36,5.32,662.53,A,A1,Jan-2018,Current,whole,Cash,19149.86,3299.65,2850.14,449.51,0.0
3909,qa,10.0,OR,mortgage,90000.0,Not Verified,23.87,,,,0,,1997,1,25,13,316995,78614,0,0,,0,0,2,5,12.0,13,0.0,0,7,54700,11,10,7,4,100.0,0,0,credit_card,individual,36000,36,7.34,1117.19,A,A4,Mar-2018,Current,whole,Cash,33292.54,3322.21,2707.46,614.75,0.0
8887,community director,8.0,FL,rent,70000.0,Source Verified,14.04,,,,0,81.0,2004,2,16,6,46003,34273,0,0,81.0,0,0,1,7,2.0,6,0.0,0,2,8500,11,5,4,0,93.3,0,0,debt_consolidation,individual,15000,36,20.39,560.44,D,D4,Mar-2018,Current,whole,Cash,14067.64,1647.34,932.36,714.98,0.0
973,designer,10.0,GA,mortgage,56000.0,Not Verified,14.59,,,,0,,2000,0,25,14,197745,14530,0,0,,0,0,2,2,,14,0.0,0,1,60600,17,11,2,1,100.0,0,0,credit_card,individual,3025,36,6.08,92.14,A,A2,Jan-2018,Current,whole,Cash,2637.02,458.66,387.98,70.68,0.0
