group,decision
control,buy video
control,buy video
control,buy video
control,buy video
control,buy video
control,buy video
control,buy video
control,buy video
control,buy video
control,buy video
control,buy video
control,buy video
control,buy video
control,buy video
control,buy video
control,buy video
control,buy video
control,buy video
control,buy video
control,buy video
control,buy video
control,buy video
control,buy video
control,buy video
control,buy video
control,buy video
control,buy video
control,buy video
control,buy video
control,buy video
control,buy video
control,buy video
control,buy video
control,buy video
control,buy video
control,buy video
control,buy video
control,buy video
control,buy video
control,buy video
control,buy video
control,buy video
control,buy video
control,buy video
control,buy video
control,buy video
control,buy video
control,buy video
control,buy video
control,buy video
control,buy video
control,buy video
control,buy video
control,buy video
control,buy video
control,buy video
control,not buy video
control,not buy video
control,not buy video
control,not buy video
control,not buy video
control,not buy video
control,not buy video
control,not buy video
control,not buy video
control,not buy video
control,not buy video
control,not buy video
control,not buy video
control,not buy video
control,not buy video
control,not buy video
control,not buy video
control,not buy video
control,not buy video
treatment,buy video
treatment,buy video
treatment,buy video
treatment,buy video
treatment,buy video
treatment,buy video
treatment,buy video
treatment,buy video
treatment,buy video
treatment,buy video
treatment,buy video
treatment,buy video
treatment,buy video
treatment,buy video
treatment,buy video
treatment,buy video
treatment,buy video
treatment,buy video
treatment,buy video
treatment,buy video
treatment,buy video
treatment,buy video
treatment,buy video
treatment,buy video
treatment,buy video
treatment,buy video
treatment,buy video
treatment,buy video
treatment,buy video
treatment,buy video
treatment,buy video
treatment,buy video
treatment,buy video
treatment,buy video
treatment,buy video
treatment,buy video
treatment,buy video
treatment,buy video
treatment,buy video
treatment,buy video
treatment,buy video
treatment,not buy video
treatment,not buy video
treatment,not buy video
treatment,not buy video
treatment,not buy video
treatment,not buy video
treatment,not buy video
treatment,not buy video
treatment,not buy video
treatment,not buy video
treatment,not buy video
treatment,not buy video
treatment,not buy video
treatment,not buy video
treatment,not buy video
treatment,not buy video
treatment,not buy video
treatment,not buy video
treatment,not buy video
treatment,not buy video
treatment,not buy video
treatment,not buy video
treatment,not buy video
treatment,not buy video
treatment,not buy video
treatment,not buy video
treatment,not buy video
treatment,not buy video
treatment,not buy video
treatment,not buy video
treatment,not buy video
treatment,not buy video
treatment,not buy video
treatment,not buy video
